epoch,lr-AdamW/pg1,lr-AdamW/pg2,step,train/loss_epoch,train/loss_step,train/masked_tokens,train/variance_explained,val/effective_rank,val/loss,val/masked_tokens,val/rank_ceiling,val/rank_fraction,val/variance_explained
,3.125e-06,3.125e-06,19,,,,,,,,,,
0,,,19,,1.032936692237854,,,,,,,,
0,,,35,,,,,10.0,1.0292599201202393,144.0,21.0,0.4761904776096344,-0.029259953647851944
0,,,35,1.0464539527893066,,144.0,-0.046453896909952164,,,,,,
,6.25e-06,6.25e-06,39,,,,,,,,,,
1,,,39,,0.9048134684562683,,,,,,,,
,9.375e-06,9.375e-06,59,,,,,,,,,,
1,,,59,,0.9747549891471863,,,,,,,,
1,,,71,,,,,11.0,0.9951874017715454,144.0,21.0,0.523809552192688,0.004812609404325485
1,,,71,0.9281647205352783,,144.0,0.07183527201414108,,,,,,
,1.25e-05,1.25e-05,79,,,,,,,,,,
2,,,79,,0.825648307800293,,,,,,,,
,1.5625e-05,1.5625e-05,99,,,,,,,,,,
2,,,99,,0.856808602809906,,,,,,,,
2,,,107,,,,,7.0,0.9909142255783081,144.0,21.0,0.3333333432674408,0.00908578559756279
2,,,107,0.9154703617095947,,144.0,0.08452976495027542,,,,,,
,1.875e-05,1.875e-05,119,,,,,,,,,,
3,,,119,,0.8948936462402344,,,,,,,,
,2.1875e-05,2.1875e-05,139,,,,,,,,,,
3,,,139,,0.9541816711425781,,,,,,,,
3,,,143,,,,,5.0,0.966671884059906,144.0,21.0,0.2380952388048172,0.033328063786029816
3,,,143,0.906732976436615,,144.0,0.09326685965061188,,,,,,
,2.5e-05,2.5e-05,159,,,,,,,,,,
4,,,159,,0.9424653053283691,,,,,,,,
,2.8125000000000003e-05,2.8125000000000003e-05,179,,,,,,,,,,
4,,,179,,0.9919032454490662,,,,,,,,
4,,,179,,,,,4.0,0.9481819868087769,144.0,21.0,0.190476194024086,0.051818035542964935
4,,,179,0.8773139119148254,,144.0,0.12268611043691635,,,,,,
,3.125e-05,3.125e-05,199,,,,,,,,,,
5,,,199,,0.7770182490348816,,,,,,,,
5,,,215,,,,,4.0,0.9305166602134705,144.0,21.0,0.190476194024086,0.06948336213827133
5,,,215,0.860698938369751,,144.0,0.13930101692676544,,,,,,
,3.124644970478084e-05,3.124644970478084e-05,219,,,,,,,,,,
6,,,219,,0.8073722720146179,,,,,,,,
,3.123504337417979e-05,3.123504337417979e-05,239,,,,,,,,,,
6,,,239,,0.9166424870491028,,,,,,,,
6,,,251,,,,,4.0,0.9369328618049622,144.0,21.0,0.190476194024086,0.06306709349155426
6,,,251,0.8488389253616333,,144.0,0.1511610597372055,,,,,,
,3.121577691664359e-05,3.121577691664359e-05,259,,,,,,,,,,
7,,,259,,0.9054883122444153,,,,,,,,
,3.118866003341382e-05,3.118866003341382e-05,279,,,,,,,,,,
7,,,279,,0.8066139817237854,,,,,,,,
7,,,287,,,,,4.0,0.9158730506896973,144.0,21.0,0.190476194024086,0.08412696421146393
7,,,287,0.8513500094413757,,144.0,0.14865000545978546,,,,,,
,3.115370637865781e-05,3.115370637865781e-05,299,,,,,,,,,,
8,,,299,,0.9497146010398865,,,,,,,,
,3.1110933552593355e-05,3.1110933552593355e-05,319,,,,,,,,,,
8,,,319,,0.811497688293457,,,,,,,,
8,,,323,,,,,4.0,0.9095383882522583,144.0,21.0,0.190476194024086,0.09046158194541931
8,,,323,0.8396909236907959,,144.0,0.1603090614080429,,,,,,
,3.1060363092626485e-05,3.1060363092626485e-05,339,,,,,,,,,,
9,,,339,,0.8411664962768555,,,,,,,,
,3.100202046250672e-05,3.100202046250672e-05,359,,,,,,,,,,
9,,,359,,0.7363980412483215,,,,,,,,
9,,,359,,,,,4.0,0.9173938035964966,144.0,21.0,0.190476194024086,0.08260612189769745
9,,,359,0.83559250831604,,144.0,0.16440755128860474,,,,,,
,3.093593503950532e-05,3.093593503950532e-05,379,,,,,,,,,,
10,,,379,,0.8480951189994812,,,,,,,,
10,,,395,,,,,4.0,0.9121789336204529,144.0,21.0,0.190476194024086,0.08782108873128891
10,,,395,0.832952618598938,,144.0,0.1670474261045456,,,,,,
,3.086214009962291e-05,3.086214009962291e-05,399,,,,,,,,,,
11,,,399,,0.9064355492591858,,,,,,,,
,3.0780672800834075e-05,3.0780672800834075e-05,419,,,,,,,,,,
11,,,419,,0.7093768119812012,,,,,,,,
11,,,431,,,,,4.0,0.9255963563919067,144.0,21.0,0.190476194024086,0.07440365105867386
11,,,431,0.8340966701507568,,144.0,0.16590334475040436,,,,,,
,3.069157416437713e-05,3.069157416437713e-05,439,,,,,,,,,,
12,,,439,,0.9290807843208313,,,,,,,,
,3.059488905409874e-05,3.059488905409874e-05,459,,,,,,,,,,
12,,,459,,0.7294020056724548,,,,,,,,
12,,,467,,,,,4.0,0.9013761878013611,144.0,21.0,0.190476194024086,0.09862377494573593
12,,,467,0.8304407000541687,,144.0,0.16955941915512085,,,,,,
,3.0490666153863595e-05,3.0490666153863595e-05,479,,,,,,,,,,
13,,,479,,0.8004011511802673,,,,,,,,
,3.037895794304064e-05,3.037895794304064e-05,499,,,,,,,,,,
13,,,499,,0.7358778119087219,,,,,,,,
13,,,503,,,,,4.0,0.9139834642410278,144.0,21.0,0.190476194024086,0.08601651340723038
13,,,503,0.8329209685325623,,144.0,0.1670788824558258,,,,,,
,3.0259820670078118e-05,3.0259820670078118e-05,519,,,,,,,,,,
14,,,519,,0.9039461016654968,,,,,,,,
,3.013331432418078e-05,3.013331432418078e-05,539,,,,,,,,,,
14,,,539,,0.8883947730064392,,,,,,,,
14,,,539,,,,,4.0,0.9113216400146484,144.0,21.0,0.190476194024086,0.08867834508419037
14,,,539,0.8336701989173889,,144.0,0.16632986068725586,,,,,,
,2.9999502605103517e-05,2.9999502605103517e-05,559,,,,,,,,,,
15,,,559,,0.8881462216377258,,,,,,,,
15,,,575,,,,,4.0,0.919274628162384,144.0,21.0,0.190476194024086,0.08072534203529358
15,,,575,0.8261077404022217,,144.0,0.17389217019081116,,,,,,
,2.9858452891076632e-05,2.9858452891076632e-05,579,,,,,,,,,,
16,,,579,,0.8221465945243835,,,,,,,,
,2.971023620487884e-05,2.971023620487884e-05,599,,,,,,,,,,
16,,,599,,0.8283537030220032,,,,,,,,
16,,,611,,,,,5.0,0.9067134857177734,144.0,21.0,0.2380952388048172,0.09328649938106537
16,,,611,0.8261593580245972,,144.0,0.17384064197540283,,,,,,
,2.955492717807519e-05,2.955492717807519e-05,619,,,,,,,,,,
17,,,619,,0.8822422027587891,,,,,,,,
,2.9392604013437803e-05,2.9392604013437803e-05,639,,,,,,,,,,
17,,,639,,0.8783007264137268,,,,,,,,
17,,,647,,,,,5.0,0.9085571765899658,144.0,21.0,0.2380952388048172,0.09144280850887299
17,,,647,0.8219247460365295,,144.0,0.17807537317276,,,,,,
,2.922334844556844e-05,2.922334844556844e-05,659,,,,,,,,,,
18,,,659,,0.7786312103271484,,,,,,,,
,2.9047245699742647e-05,2.9047245699742647e-05,679,,,,,,,,,,
18,,,679,,0.8891839981079102,,,,,,,,
18,,,683,,,,,4.0,0.9096869230270386,144.0,21.0,0.190476194024086,0.09031304717063904
18,,,683,0.83002769947052,,144.0,0.16997240483760834,,,,,,
,2.886438444899628e-05,2.886438444899628e-05,699,,,,,,,,,,
19,,,699,,0.787253201007843,,,,,,,,
,2.8674856769475953e-05,2.8674856769475953e-05,719,,,,,,,,,,
19,,,719,,0.8476081490516663,,,,,,,,
19,,,719,,,,,5.0,0.8982199430465698,144.0,21.0,0.2380952388048172,0.10178002715110779
19,,,719,0.8287371397018433,,144.0,0.17126289010047913,,,,,,
,2.8478758094075935e-05,2.8478758094075935e-05,739,,,,,,,,,,
20,,,739,,0.8229708671569824,,,,,,,,
20,,,755,,,,,4.0,0.9131861925125122,144.0,21.0,0.190476194024086,0.0868137925863266
20,,,755,0.8228777050971985,,144.0,0.17712238430976868,,,,,,
,2.8276187164384792e-05,2.8276187164384792e-05,759,,,,,,,,,,
21,,,759,,0.703626811504364,,,,,,,,
,2.8067245980966042e-05,2.8067245980966042e-05,779,,,,,,,,,,
21,,,779,,0.8262495398521423,,,,,,,,
21,,,791,,,,,4.0,0.9068232774734497,144.0,21.0,0.190476194024086,0.0931766927242279
21,,,791,0.8230634927749634,,144.0,0.17693650722503662,,,,,,
,2.7852039751997806e-05,2.7852039751997806e-05,799,,,,,,,,,,
22,,,799,,0.6977060437202454,,,,,,,,
,2.7630676840297298e-05,2.7630676840297298e-05,819,,,,,,,,,,
22,,,819,,0.8557388186454773,,,,,,,,
22,,,827,,,,,4.0,0.9042178392410278,144.0,21.0,0.190476194024086,0.09578217566013336
22,,,827,0.819847047328949,,144.0,0.1801529973745346,,,,,,
,2.74032687087569e-05,2.74032687087569e-05,839,,,,,,,,,,
23,,,839,,0.7675886750221252,,,,,,,,
,2.7169929864219234e-05,2.7169929864219234e-05,859,,,,,,,,,,
23,,,859,,0.8026869893074036,,,,,,,,
23,,,863,,,,,5.0,0.906436562538147,144.0,21.0,0.2380952388048172,0.09356344491243362
23,,,863,0.8177022337913513,,144.0,0.18229776620864868,,,,,,
,2.693077779981952e-05,2.693077779981952e-05,879,,,,,,,,,,
24,,,879,,0.76593416929245,,,,,,,,
,2.6685932935824252e-05,2.6685932935824252e-05,899,,,,,,,,,,
24,,,899,,0.8569865226745605,,,,,,,,
24,,,899,,,,,5.0,0.9034361839294434,144.0,21.0,0.2380952388048172,0.09656375646591187
24,,,899,0.8190723061561584,,144.0,0.1809278130531311,,,,,,
,2.6435518558995945e-05,2.6435518558995945e-05,919,,,,,,,,,,
25,,,919,,0.8218844532966614,,,,,,,,
25,,,935,,,,,5.0,0.9077026844024658,144.0,21.0,0.2380952388048172,0.09229733049869537
25,,,935,0.8181285858154297,,144.0,0.1818714737892151,,,,,,
,2.617966076051456e-05,2.617966076051456e-05,939,,,,,,,,,,
26,,,939,,0.7728531956672668,,,,,,,,
,2.591848837248678e-05,2.591848837248678e-05,959,,,,,,,,,,
26,,,959,,0.8055825233459473,,,,,,,,
26,,,971,,,,,5.0,0.9069560766220093,144.0,21.0,0.2380952388048172,0.09304390847682953
26,,,971,0.8216545581817627,,144.0,0.1783454567193985,,,,,,
,2.5652132903075194e-05,2.5652132903075194e-05,979,,,,,,,,,,
27,,,979,,0.7272742390632629,,,,,,,,
,2.5380728470279932e-05,2.5380728470279932e-05,999,,,,,,,,,,
27,,,999,,0.9144924283027649,,,,,,,,
27,,,1007,,,,,4.0,0.8992205262184143,144.0,21.0,0.190476194024086,0.1007794663310051
27,,,1007,0.8184855580329895,,144.0,0.18151439726352692,,,,,,
,2.5104411734406246e-05,2.5104411734406246e-05,1019,,,,,,,,,,
28,,,1019,,0.6096924543380737,,,,,,,,
,2.4823321829251927e-05,2.4823321829251927e-05,1039,,,,,,,,,,
28,,,1039,,0.8006169199943542,,,,,,,,
28,,,1043,,,,,5.0,0.9005739092826843,144.0,21.0,0.2380952388048172,0.09942606836557388
28,,,1043,0.8161842823028564,,144.0,0.18381577730178833,,,,,,
,2.4537600292049246e-05,2.4537600292049246e-05,1059,,,,,,,,,,
29,,,1059,,0.7933344841003418,,,,,,,,
,2.4247390992196665e-05,2.4247390992196665e-05,1079,,,,,,,,,,
29,,,1079,,0.8506274819374084,,,,,,,,
29,,,1079,,,,,5.0,0.8977959156036377,144.0,21.0,0.2380952388048172,0.10220415145158768
29,,,1079,0.8182796239852905,,144.0,0.18172042071819305,,,,,,
,2.3952840058816333e-05,2.3952840058816333e-05,1099,,,,,,,,,,
30,,,1099,,0.8520781397819519,,,,,,,,
30,,,1115,,,,,5.0,0.8952959775924683,144.0,21.0,0.2380952388048172,0.10470402985811234
30,,,1115,0.8150838613510132,,144.0,0.18491607904434204,,,,,,
,2.3654095807173587e-05,2.3654095807173587e-05,1119,,,,,,,,,,
31,,,1119,,0.8471376299858093,,,,,,,,
,2.335130866399582e-05,2.335130866399582e-05,1139,,,,,,,,,,
31,,,1139,,0.8362800478935242,,,,,,,,
31,,,1151,,,,,5.0,0.8888512849807739,144.0,21.0,0.2380952388048172,0.11114872246980667
31,,,1151,0.8120008111000061,,144.0,0.18799923360347748,,,,,,
,2.3044631091728038e-05,2.3044631091728038e-05,1159,,,,,,,,,,
32,,,1159,,0.7807903289794922,,,,,,,,
,2.2734217511763486e-05,2.2734217511763486e-05,1179,,,,,,,,,,
32,,,1179,,0.8280928730964661,,,,,,,,
32,,,1187,,,,,4.0,0.8892056345939636,144.0,21.0,0.190476194024086,0.1107943207025528
32,,,1187,0.8096286058425903,,144.0,0.19037146866321564,,,,,,
,2.242022422668777e-05,2.242022422668777e-05,1199,,,,,,,,,,
33,,,1199,,0.7687179446220398,,,,,,,,
,2.2102809341575823e-05,2.2102809341575823e-05,1219,,,,,,,,,,
33,,,1219,,0.7934244275093079,,,,,,,,
33,,,1223,,,,,5.0,0.8973404765129089,144.0,21.0,0.2380952388048172,0.1026594489812851
33,,,1223,0.8103351593017578,,144.0,0.18966493010520935,,,,,,
,2.1782132684381256e-05,2.1782132684381256e-05,1239,,,,,,,,,,
34,,,1239,,0.9121004939079285,,,,,,,,
,2.1458355725458123e-05,2.1458355725458123e-05,1259,,,,,,,,,,
34,,,1259,,0.7861598134040833,,,,,,,,
34,,,1259,,,,,5.0,0.8962122797966003,144.0,21.0,0.2380952388048172,0.10378778725862503
34,,,1259,0.808704137802124,,144.0,0.19129586219787598,,,,,,
,2.11316414962558e-05,2.11316414962558e-05,1279,,,,,,,,,,
35,,,1279,,0.7251019477844238,,,,,,,,
35,,,1295,,,,,5.0,0.8896433711051941,144.0,21.0,0.2380952388048172,0.11035662889480591
35,,,1295,0.8027956485748291,,144.0,0.19720448553562164,,,,,,
,2.080215450722767e-05,2.080215450722767e-05,1299,,,,,,,,,,
36,,,1299,,0.852522611618042,,,,,,,,
,2.0470060664995216e-05,2.0470060664995216e-05,1319,,,,,,,,,,
36,,,1319,,0.7270556092262268,,,,,,,,
36,,,1331,,,,,5.0,0.880337655544281,144.0,21.0,0.2380952388048172,0.11966230720281601
36,,,1331,0.7991594076156616,,144.0,0.20084057748317719,,,,,,
,2.0135527188809e-05,2.0135527188809e-05,1339,,,,,,,,,,
37,,,1339,,0.7401452660560608,,,,,,,,
,1.9798722526348748e-05,1.9798722526348748e-05,1359,,,,,,,,,,
37,,,1359,,0.8260599970817566,,,,,,,,
37,,,1367,,,,,5.0,0.8834077715873718,144.0,21.0,0.2380952388048172,0.11659225821495056
37,,,1367,0.7975760102272034,,144.0,0.20242394506931305,,,,,,
,1.9459816268904877e-05,1.9459816268904877e-05,1379,,,,,,,,,,
38,,,1379,,0.7950286269187927,,,,,,,,
,1.911897906598418e-05,1.911897906598418e-05,1399,,,,,,,,,,
38,,,1399,,0.785811722278595,,,,,,,,
38,,,1403,,,,,5.0,0.8802533745765686,144.0,21.0,0.2380952388048172,0.11974667012691498
38,,,1403,0.7970594167709351,,144.0,0.20294064283370972,,,,,,
,1.8776382539382618e-05,1.8776382539382618e-05,1419,,,,,,,,,,
39,,,1419,,0.8745896220207214,,,,,,,,
,1.8432199196768637e-05,1.8432199196768637e-05,1439,,,,,,,,,,
39,,,1439,,0.7101146578788757,,,,,,,,
39,,,1439,,,,,5.0,0.8853023052215576,144.0,21.0,0.2380952388048172,0.1146976575255394
39,,,1439,0.7934389710426331,,144.0,0.2065611332654953,,,,,,
,1.8086602344820316e-05,1.8086602344820316e-05,1459,,,,,,,,,,
40,,,1459,,0.7994718551635742,,,,,,,,
40,,,1475,,,,,5.0,0.8807776570320129,144.0,21.0,0.2380952388048172,0.11922240257263184
40,,,1475,0.7925947308540344,,144.0,0.2074052393436432,,,,,,
,1.773976600196025e-05,1.773976600196025e-05,1479,,,,,,,,,,
41,,,1479,,0.7040128111839294,,,,,,,,
,1.7391864810732056e-05,1.7391864810732056e-05,1499,,,,,,,,,,
41,,,1499,,0.6573024988174438,,,,,,,,
41,,,1511,,,,,5.0,0.8874974846839905,144.0,21.0,0.2380952388048172,0.11250250786542892
41,,,1511,0.7911632657051086,,144.0,0.20883680880069733,,,,,,
,1.704307394986254e-05,1.704307394986254e-05,1519,,,,,,,,,,
42,,,1519,,0.8450238108634949,,,,,,,,
,1.6693569046053995e-05,1.6693569046053995e-05,1539,,,,,,,,,,
42,,,1539,,0.7554492354393005,,,,,,,,
42,,,1547,,,,,5.0,0.8790434002876282,144.0,21.0,0.2380952388048172,0.12095655500888824
42,,,1547,0.7909982204437256,,144.0,0.20900174975395203,,,,,,
,1.6343526085550814e-05,1.6343526085550814e-05,1559,,,,,,,,,,
43,,,1559,,0.8771808743476868,,,,,,,,
,1.599312132552516e-05,1.599312132552516e-05,1579,,,,,,,,,,
43,,,1579,,0.7829787731170654,,,,,,,,
43,,,1583,,,,,5.0,0.8804577589035034,144.0,21.0,0.2380952388048172,0.11954225599765778
43,,,1583,0.7938547730445862,,144.0,0.206145241856575,,,,,,
,1.5642531205326132e-05,1.5642531205326132e-05,1599,,,,,,,,,,
44,,,1599,,0.7370796203613281,,,,,,,,
,1.5291932257637274e-05,1.5291932257637274e-05,1619,,,,,,,,,,
44,,,1619,,0.7501948475837708,,,,,,,,
44,,,1619,,,,,5.0,0.8806239366531372,144.0,21.0,0.2380952388048172,0.1193760335445404
44,,,1619,0.7869386076927185,,144.0,0.2130613476037979,,,,,,
,1.4941501019587022e-05,1.4941501019587022e-05,1639,,,,,,,,,,
45,,,1639,,0.7413541674613953,,,,,,,,
45,,,1655,,,,,5.0,0.882565438747406,144.0,21.0,0.2380952388048172,0.11743456870317459
45,,,1655,0.784180760383606,,144.0,0.21581926941871643,,,,,,
,1.4591413943856973e-05,1.4591413943856973e-05,1659,,,,,,,,,,
46,,,1659,,0.8649420738220215,,,,,,,,
,1.4241847309832619e-05,1.4241847309832619e-05,1679,,,,,,,,,,
46,,,1679,,0.763916015625,,,,,,,,
46,,,1691,,,,,5.0,0.8740816712379456,144.0,21.0,0.2380952388048172,0.12591832876205444
46,,,1691,0.789745032787323,,144.0,0.2102552056312561,,,,,,
,1.3892977134841392e-05,1.3892977134841392e-05,1699,,,,,,,,,,
47,,,1699,,0.7180346846580505,,,,,,,,
,1.3544979085522622e-05,1.3544979085522622e-05,1719,,,,,,,,,,
47,,,1719,,0.7667570114135742,,,,,,,,
47,,,1727,,,,,5.0,0.8793461918830872,144.0,21.0,0.2380952388048172,0.12065380811691284
47,,,1727,0.7837669849395752,,144.0,0.21623314917087555,,,,,,
,1.319802838937409e-05,1.319802838937409e-05,1739,,,,,,,,,,
48,,,1739,,0.5841236710548401,,,,,,,,
,1.2852299746519723e-05,1.2852299746519723e-05,1759,,,,,,,,,,
48,,,1759,,0.6264328956604004,,,,,,,,
48,,,1763,,,,,5.0,0.8736528754234314,144.0,21.0,0.2380952388048172,0.12634707987308502
48,,,1763,0.7810733318328857,,144.0,0.21892660856246948,,,,,,
,1.250796724174282e-05,1.250796724174282e-05,1779,,,,,,,,,,
49,,,1779,,0.6066267490386963,,,,,,,,
,1.21652042568291e-05,1.21652042568291e-05,1799,,,,,,,,,,
49,,,1799,,0.8008863925933838,,,,,,,,
49,,,1799,,,,,5.0,0.8691948652267456,144.0,21.0,0.2380952388048172,0.13080517947673798
49,,,1799,0.778679370880127,,144.0,0.22132056951522827,,,,,,
,1.182418338326377e-05,1.182418338326377e-05,1819,,,,,,,,,,
50,,,1819,,0.7539551854133606,,,,,,,,
50,,,1835,,,,,5.0,0.8696579933166504,144.0,21.0,0.2380952388048172,0.13034208118915558
50,,,1835,0.7764995098114014,,144.0,0.22350038588047028,,,,,,
,1.1485076335326504e-05,1.1485076335326504e-05,1839,,,,,,,,,,
51,,,1839,,0.7511084675788879,,,,,,,,
,1.114805386362815e-05,1.114805386362815e-05,1859,,,,,,,,,,
51,,,1859,,0.7861354947090149,,,,,,,,
51,,,1871,,,,,6.0,0.8743797540664673,144.0,21.0,0.2857142984867096,0.12562023103237152
51,,,1871,0.7764949798583984,,144.0,0.22350502014160156,,,,,,
,1.081328566913264e-05,1.081328566913264e-05,1879,,,,,,,,,,
52,,,1879,,0.837959349155426,,,,,,,,
,1.0480940317707428e-05,1.0480940317707428e-05,1899,,,,,,,,,,
52,,,1899,,0.7716114521026611,,,,,,,,
52,,,1907,,,,,6.0,0.8710249662399292,144.0,21.0,0.2857142984867096,0.1289750337600708
52,,,1907,0.7750772833824158,,144.0,0.22492268681526184,,,,,,
,1.0151185155245543e-05,1.0151185155245543e-05,1919,,,,,,,,,,
53,,,1919,,0.7707497477531433,,,,,,,,
,9.82418622340185e-06,9.82418622340185e-06,1939,,,,,,,,,,
53,,,1939,,0.828063428401947,,,,,,,,
53,,,1943,,,,,6.0,0.8706179261207581,144.0,21.0,0.2857142984867096,0.12938202917575836
53,,,1943,0.7728515267372131,,144.0,0.22714845836162567,,,,,,
,9.500108175986109e-06,9.500108175986109e-06,1959,,,,,,,,,,
54,,,1959,,0.8408911824226379,,,,,,,,
,9.179114196054796e-06,9.179114196054796e-06,1979,,,,,,,,,,
54,,,1979,,0.7741010785102844,,,,,,,,
54,,,1979,,,,,6.0,0.8724448680877686,144.0,21.0,0.2857142984867096,0.12755505740642548
54,,,1979,0.7751237154006958,,144.0,0.22487632930278778,,,,,,
,8.861365913743538e-06,8.861365913743538e-06,1999,,,,,,,,,,
55,,,1999,,0.729790985584259,,,,,,,,
55,,,2015,,,,,6.0,0.8708776831626892,144.0,21.0,0.2857142984867096,0.12912234663963318
55,,,2015,0.7722217440605164,,144.0,0.2277783751487732,,,,,,
,8.547023324881453e-06,8.547023324881453e-06,2019,,,,,,,,,,
56,,,2019,,0.8524487018585205,,,,,,,,
,8.236244710428469e-06,8.236244710428469e-06,2039,,,,,,,,,,
56,,,2039,,0.8430080413818359,,,,,,,,
56,,,2051,,,,,6.0,0.878655731678009,144.0,21.0,0.2857142984867096,0.12134426832199097
56,,,2051,0.7706576585769653,,144.0,0.22934232652187347,,,,,,
,7.929186556776054e-06,7.929186556776054e-06,2059,,,,,,,,,,
57,,,2059,,0.7686482071876526,,,,,,,,
,7.626003476951627e-06,7.626003476951627e-06,2079,,,,,,,,,,
57,,,2079,,0.7643916010856628,,,,,,,,
57,,,2087,,,,,6.0,0.8670914173126221,144.0,21.0,0.2857142984867096,0.13290856778621674
57,,,2087,0.7706891894340515,,144.0,0.22931085526943207,,,,,,
,7.326848132766219e-06,7.326848132766219e-06,2099,,,,,,,,,,
58,,,2099,,0.8547191023826599,,,,,,,,
,7.031871157944703e-06,7.031871157944703e-06,2119,,,,,,,,,,
58,,,2119,,0.7666376233100891,,,,,,,,
58,,,2123,,,,,6.0,0.8707655072212219,144.0,21.0,0.2857142984867096,0.12923447787761688
58,,,2123,0.7694244980812073,,144.0,0.2305755913257599,,,,,,
,6.741221082277125e-06,6.741221082277125e-06,2139,,,,,,,,,,
59,,,2139,,0.7227332592010498,,,,,,,,
,6.455044256829506e-06,6.455044256829506e-06,2159,,,,,,,,,,
59,,,2159,,0.7995903491973877,,,,,,,,
59,,,2159,,,,,6.0,0.8649300336837769,144.0,21.0,0.2857142984867096,0.13506998121738434
59,,,2159,0.769768476486206,,144.0,0.23023170232772827,,,,,,
,6.173484780251674e-06,6.173484780251674e-06,2179,,,,,,,,,,
60,,,2179,,0.8060510754585266,,,,,,,,
60,,,2195,,,,,6.0,0.865115225315094,144.0,21.0,0.2857142984867096,0.13488484919071198
60,,,2195,0.7651646137237549,,144.0,0.2348352074623108,,,,,,
,5.896684426219233e-06,5.896684426219233e-06,2199,,,,,,,,,,
61,,,2199,,0.7651910781860352,,,,,,,,
,5.624782572046291e-06,5.624782572046291e-06,2219,,,,,,,,,,
61,,,2219,,0.7886452674865723,,,,,,,,
61,,,2231,,,,,6.0,0.8615725636482239,144.0,21.0,0.2857142984867096,0.1384274661540985
61,,,2231,0.7665031552314758,,144.0,0.23349690437316895,,,,,,
,5.357916128504739e-06,5.357916128504739e-06,2239,,,,,,,,,,
62,,,2239,,0.7645468711853027,,,,,,,,
,5.096219470885587e-06,5.096219470885587e-06,2259,,,,,,,,,,
62,,,2259,,0.8411381840705872,,,,,,,,
62,,,2267,,,,,6.0,0.8676974773406982,144.0,21.0,0.2857142984867096,0.13230253756046295
62,,,2267,0.7680621147155762,,144.0,0.23193788528442383,,,,,,
,4.8398243713369194e-06,4.8398243713369194e-06,2279,,,,,,,,,,
63,,,2279,,0.7681630253791809,,,,,,,,
,4.588859932512712e-06,4.588859932512712e-06,2299,,,,,,,,,,
63,,,2299,,0.7589704394340515,,,,,,,,
63,,,2303,,,,,6.0,0.8663779497146606,144.0,21.0,0.2857142984867096,0.13362205028533936
63,,,2303,0.7642698884010315,,144.0,0.23573017120361328,,,,,,
,4.343452522565696e-06,4.343452522565696e-06,2319,,,,,,,,,,
64,,,2319,,0.8589832186698914,,,,,,,,
,4.1037257115172245e-06,4.1037257115172245e-06,2339,,,,,,,,,,
64,,,2339,,0.7500643730163574,,,,,,,,
64,,,2339,,,,,6.0,0.8689755201339722,144.0,21.0,0.2857142984867096,0.1310245245695114
64,,,2339,0.7642937898635864,,144.0,0.23570616543293,,,,,,
,3.869800209036031e-06,3.869800209036031e-06,2359,,,,,,,,,,
65,,,2359,,0.7868895530700684,,,,,,,,
65,,,2375,,,,,6.0,0.8699328899383545,144.0,21.0,0.2857142984867096,0.13006708025932312
65,,,2375,0.7643582820892334,,144.0,0.23564165830612183,,,,,,
,3.6417938036572667e-06,3.6417938036572667e-06,2379,,,,,,,,,,
66,,,2379,,0.7539055943489075,,,,,,,,
,3.4198213034724624e-06,3.4198213034724624e-06,2399,,,,,,,,,,
66,,,2399,,0.7578864693641663,,,,,,,,
66,,,2411,,,,,6.0,0.8787958025932312,144.0,21.0,0.2857142984867096,0.12120416015386581
66,,,2411,0.7651499509811401,,144.0,0.23485009372234344,,,,,,
,3.2039944783201562e-06,3.2039944783201562e-06,2419,,,,,,,,,,
67,,,2419,,0.8223211765289307,,,,,,,,
,2.9944220035064367e-06,2.9944220035064367e-06,2439,,,,,,,,,,
67,,,2439,,0.6420877575874329,,,,,,,,
67,,,2447,,,,,6.0,0.8688125610351562,144.0,21.0,0.2857142984867096,0.13118746876716614
67,,,2447,0.7595301866531372,,144.0,0.2404697686433792,,,,,,
,2.7912094050836345e-06,2.7912094050836345e-06,2459,,,,,,,,,,
68,,,2459,,0.8149638772010803,,,,,,,,
,2.5944590067148116e-06,2.5944590067148116e-06,2479,,,,,,,,,,
68,,,2479,,0.8716263771057129,,,,,,,,
68,,,2483,,,,,6.0,0.8696494102478027,144.0,21.0,0.2857142984867096,0.13035058975219727
68,,,2483,0.7630696296691895,,144.0,0.23693037033081055,,,,,,
,2.4042698781506776e-06,2.4042698781506776e-06,2499,,,,,,,,,,
69,,,2499,,0.8248655796051025,,,,,,,,
,2.2207377853450134e-06,2.2207377853450134e-06,2519,,,,,,,,,,
69,,,2519,,0.8360461592674255,,,,,,,,
69,,,2519,,,,,6.0,0.8684173822402954,144.0,21.0,0.2857142984867096,0.13158264756202698
69,,,2519,0.7648859620094299,,144.0,0.23511402308940887,,,,,,
,2.0439551422336e-06,2.0439551422336e-06,2539,,,,,,,,,,
70,,,2539,,0.719489574432373,,,,,,,,
70,,,2555,,,,,6.0,0.8659709692001343,144.0,21.0,0.2857142984867096,0.13402903079986572
70,,,2555,0.7607071399688721,,144.0,0.23929286003112793,,,,,,
,1.8740109642010633e-06,1.8740109642010633e-06,2559,,,,,,,,,,
71,,,2559,,0.8086711764335632,,,,,,,,
,1.7109908232589063e-06,1.7109908232589063e-06,2579,,,,,,,,,,
71,,,2579,,0.7502779960632324,,,,,,,,
71,,,2591,,,,,6.0,0.8661854863166809,144.0,21.0,0.2857142984867096,0.1338144689798355
71,,,2591,0.7607272863388062,,144.0,0.23927265405654907,,,,,,
,1.5549768049574406e-06,1.5549768049574406e-06,2599,,,,,,,,,,
72,,,2599,,0.7698271870613098,,,,,,,,
,1.4060474670532456e-06,1.4060474670532456e-06,2619,,,,,,,,,,
72,,,2619,,0.6720317006111145,,,,,,,,
72,,,2627,,,,,6.0,0.8707870244979858,144.0,21.0,0.2857142984867096,0.12921297550201416
72,,,2627,0.7583401799201965,,144.0,0.2416597455739975,,,,,,
,1.2642777999529522e-06,1.2642777999529522e-06,2639,,,,,,,,,,
73,,,2639,,0.8619041442871094,,,,,,,,
,1.1297391889533453e-06,1.1297391889533453e-06,2659,,,,,,,,,,
73,,,2659,,0.7615030407905579,,,,,,,,
73,,,2663,,,,,6.0,0.875137984752655,144.0,21.0,0.2857142984867096,0.12486205995082855
73,,,2663,0.7584240436553955,,144.0,0.24157598614692688,,,,,,
,1.0024993782966896e-06,1.0024993782966896e-06,2679,,,,,,,,,,
74,,,2679,,0.8277689814567566,,,,,,,,
,8.826224370594767e-07,8.826224370594767e-07,2699,,,,,,,,,,
74,,,2699,,0.6255285143852234,,,,,,,,
74,,,2699,,,,,6.0,0.8687964677810669,144.0,21.0,0.2857142984867096,0.1312035322189331
74,,,2699,0.7600347995758057,,144.0,0.23996520042419434,,,,,,
,7.701687268917082e-07,7.701687268917082e-07,2719,,,,,,,,,,
75,,,2719,,0.6505081653594971,,,,,,,,
75,,,2735,,,,,6.0,0.8739502429962158,144.0,21.0,0.2857142984867096,0.1260497272014618
75,,,2735,0.756142795085907,,144.0,0.24385720491409302,,,,,,
,6.651948716229987e-07,6.651948716229987e-07,2739,,,,,,,,,,
76,,,2739,,0.8118743896484375,,,,,,,,
,5.677537287507636e-07,5.677537287507636e-07,2759,,,,,,,,,,
76,,,2759,,0.8049147129058838,,,,,,,,
76,,,2771,,,,,6.0,0.8721479773521423,144.0,21.0,0.2857142984867096,0.12785202264785767
76,,,2771,0.7561521530151367,,144.0,0.2438477724790573,,,,,,
,4.778943628248756e-07,4.778943628248756e-07,2779,,,,,,,,,,
77,,,2779,,0.7388575673103333,,,,,,,,
,3.956620207421907e-07,3.956620207421907e-07,2799,,,,,,,,,,
77,,,2799,,0.7759125232696533,,,,,,,,
77,,,2807,,,,,6.0,0.8660658001899719,144.0,21.0,0.2857142984867096,0.13393418490886688
77,,,2807,0.7593357563018799,,144.0,0.2406643182039261,,,,,,
,3.2109810896337536e-07,3.2109810896337536e-07,2819,,,,,,,,,,
78,,,2819,,0.6531191468238831,,,,,,,,
,2.542401726635009e-07,2.542401726635009e-07,2839,,,,,,,,,,
78,,,2839,,0.7056986689567566,,,,,,,,
78,,,2843,,,,,6.0,0.8714800477027893,144.0,21.0,0.2857142984867096,0.1285199671983719
78,,,2843,0.7576537132263184,,144.0,0.24234625697135925,,,,,,
,1.9512187682692133e-07,1.9512187682692133e-07,2859,,,,,,,,,,
79,,,2859,,0.7899551391601562,,,,,,,,
,1.4377298929593718e-07,1.4377298929593718e-07,2879,,,,,,,,,,
79,,,2879,,0.675548255443573,,,,,,,,
79,,,2879,,,,,6.0,0.8655524253845215,144.0,21.0,0.2857142984867096,0.13444748520851135
79,,,2879,0.7570949792861938,,144.0,0.24290500581264496,,,,,,
,1.0021936578178889e-07,1.0021936578178889e-07,2899,,,,,,,,,,
80,,,2899,,0.8213441967964172,,,,,,,,
80,,,2915,,,,,6.0,0.8702300190925598,144.0,21.0,0.2857142984867096,0.12977004051208496
80,,,2915,0.755829393863678,,144.0,0.24417060613632202,,,,,,
,6.448293684553456e-08,6.448293684553456e-08,2919,,,,,,,,,,
81,,,2919,,0.807887077331543,,,,,,,,
,3.658169685534507e-08,3.658169685534507e-08,2939,,,,,,,,,,
81,,,2939,,0.723916232585907,,,,,,,,
81,,,2951,,,,,6.0,0.8646197319030762,144.0,21.0,0.2857142984867096,0.13538023829460144
81,,,2951,0.7598987221717834,,144.0,0.24010133743286133,,,,,,
,1.652969492580217e-08,1.652969492580217e-08,2959,,,,,,,,,,
82,,,2959,,0.8244588375091553,,,,,,,,
,4.3370278437412926e-09,4.3370278437412926e-09,2979,,,,,,,,,,
82,,,2979,,0.7291547656059265,,,,,,,,
82,,,2987,,,,,6.0,0.8731436729431152,144.0,21.0,0.2857142984867096,0.12685628235340118
82,,,2987,0.7602037787437439,,144.0,0.2397962361574173,,,,,,
,9.834984221121501e-12,9.834984221121501e-12,2999,,,,,,,,,,
83,,,2999,,0.7213969230651855,,,,,,,,
83,,,2999,0.79583740234375,,144.0,0.20416265726089478,,,,,,
